,Brand,Model,Previous model,Type,Weight,MSRP,Heel,Toe,Heel drop,Carbon plate,Sizing,Heel fit,Midfoot fit,Toebox fit,Type of cushioning,Amount of cushioning,Stability,Flexibility,Family,Rockplate,Traction,Water resitance,Road-to-trail
Value,Puma,Magnify Nitro 2,Magnify Nitro,Cushioning,10.7 oz (303 g),$140.00,39 mm.,29 mm.,9 mm.,No plate,True to size,Normal,Normal,Tight,Responsive/balanced,Highly cushioned,Some stability,Rigid,,,,,
Value,Asics,METASPEED Edge Paris,Metaspeed Edge,Racing,6.5 oz (184 g),250.00,39.5 mm.,34.5 mm.,5 mm.,Full length carbon plate,Buy half size bigger,Wide,Normal,Tight,Responsive,Medium cushioning,Some stability,Rigid,,,,,
Value,Puma,Velocity Nitro 3,Velocity Nitro 2,Cushioning,9.17 oz (260 g),$135.00,36 mm.,26 mm.,10 mm.,No plate,True to size,Normal,Tight,Tight,Balanced,Medium cushioning,Some stability,Medium,,,,,
Value,Saucony,Guide 17,Guide 16,Road,9.4 oz (266 g),$140.00,35 mm.,29 mm.,6 mm.,No plate,True to size,Normal,Normal,Normal,Balanced/plush,Highly cushioned,Very stable,Medium,Guide,,,,
Value,Saucony,Omni 22,,Road,10.1 oz (286 g),$140.00,35 mm.,27 mm.,8 mm.,No plate,True to size,Tight,Tight,Tight,Balanced/plush,Medium cushioning,Some stability,Medium,,,,,
Value,Adidas,Supernova Solution,,Cushioning,10.3 oz (292 g),$140.00,36 mm.,26 mm.,10 mm.,No plate,True to size,Normal,Normal,Normal,Balanced,Medium cushioning,Very stable,Rigid,,,,,
Value,Puma,Fast-R Nitro Elite 2,Fast-R Nitro Elite,Racing,9 oz (255 g),260.00,40 mm.,32 mm.,8 mm.,Full length carbon plate,True to size,Normal,Normal,Normal,Balanced/plush,Highly cushioned,Some stability,Rigid,,,,,
Value,Hoka One One,Mach 6,Mach 5,Lightweight,8.3 oz (235 g),$140.00,37 mm.,32 mm.,5 mm.,No plate,True to size,Normal,Tight,Normal,Responsive/balanced,Highly cushioned,Very stable,Medium,,,,,
Value,Asics,Gel Cumulus 26,Gel Cumulus 25,Cushioning,8.9 oz (252 g),$140.00,34 mm.,42 mm.,8 mm.,No plate,True to size,Normal,Normal,Tight,Responsive/balanced,Medium cushioning,Some stability,Rigid,Gel Cumulus,,,,
Value,Asics,Gel Trabuco 12,Gel Trabuco 11,Trail,11.1 oz (315 g),$140.00,36 mm.,28 mm.,8 mm.,No plate,Buy half size bigger,Normal,Wide,Normal,Responsive/balanced,Medium cushioning,Very stable,Medium,,Average protection,Provide Traction,Good,
Value,Asics,Trabuco Max 3,Trabuco Max 2,Trail,10.5 oz (298 g),$160.00,43 mm.,38 mm.,5 mm.,Plate in other materials,Buy half size bigger,Normal,Normal,Normal,Balanced,Highly cushioned,Some stability,Medium,,Solid protection,Provide Traction,Good,
Value,Altra,Lone Peak 8,Lone Peak 7,Trail,10.7 oz (303 g),$140.00,25 mm.,25 mm.,0 mm.,No plate,True to size,Normal,Normal,Wide,Responsive/balanced,Medium cushioning,Not particularly stable,Medium,,Not present,Provide Traction,Poor,
Value,New Balance,FuelCell Rebel v4,FuelCell Rebel v3,Lightweight,7.5 oz (213 g),$140.00,999 mm.,999 mm.,6 mm.,No plate,True to size,Normal,Wide,Wide,Responsive/balanced,Medium cushioning,Some stability,Flexible,,,,,
Value,The North Face,Altamesa 500,,Trail,10.4 oz (295 g),$155.00,38 mm.,32 mm.,6 mm.,No plate,True to size,Normal,Normal,Normal,Balanced/plush,Highly cushioned,Very stable,Rigid,,Not present,Average Traction,Adequate,
Value,ON,Cloudmonster 2,Cloudmonster,Cushioning,10.4 oz (295 g),$180.00,999 mm.,999 mm.,6 mm.,Plate in other materials,True to size,Normal,Normal,Wide,Balanced/plush,Highly cushioned,Some stability,Medium,,,,,
Value,Mizuno,Wave Inspire 20,Wave Inspire 19,Road,10.6 oz (301 g),$140.00,37.5 mm.,25.5 mm.,12 mm.,Plate in other materials,True to size,Tight,Normal,Wide,Balanced,Medium cushioning,Some stability,Medium,Wave Inspire,,,,
Value,Hoka One One,Cielo X1,,Racing,9 oz (255 g),$275.00,46 mm.,36 mm.,10 mm.,Full length carbon plate,True to size,Normal,Normal,Normal,Plush,Highly cushioned,Some stability,Rigid,,,,,
Value,Hoka One One,Arahi 7,Arahi 6,Road,9.6 oz (272 g),$145.00,34 mm.,29 mm.,5 mm.,No plate,True to size,Wide,Tight,Wide,Responsive,Medium cushioning,Some stability,Medium,,,,,
Value,New Balance,Fresh Foam X 880 v14,Fresh Foam X 880 v13,Cushioning,9.2 oz (261 g),$140.00,33 mm.,25 mm.,8 mm.,No plate,True to size,Normal,Normal,Tight,Responsive,Medium cushioning,Very stable,Rigid,,,,,
Value,Brooks,Hyperion Elite 4,Hyperion Elite 3,Racing,7.8 oz (221 g),250.00,mm.,mm.,8 mm.,Full length carbon plate,True to size,Normal,Normal,Normal,Balanced,Highly cushioned,Some stability,Rigid,,,,,
Value,Nike,Alphafly 3,Zoom Alphafly Next% 2,Racing,7.7 oz (218 g),$285.00,40 mm.,32 mm.,8 mm.,Full length carbon plate,Buy half size bigger,Normal,Normal,Normal,Balanced,Highly cushioned,Some stability,Rigid,,,,,
Value,Mizuno,Wave Rebellion Flash 2,,Lightweight,8.6 oz (244 g),$170.00,999 mm.,999 mm.,0.5 mm.,Plate in other materials,True to size,Normal,Normal,Tight,Balanced/plush,Highly cushioned,Not particularly stable,Rigid,,,,,
Value,New Balance,FuelCell SuperComp Elite v4,FuellCell SuperComp Elite v3,Racing,8.1 oz (230 g),$250.00,40 mm.,36 mm.,4 mm.,Full length carbon plate,True to size,Normal,Normal,Normal,Balanced/plush,Highly cushioned,Some stability,Rigid,,,,,
Value,Brooks,Catamount 3,Catamount 2,Trail,9.4 oz (266 g),$170.00,30 mm.,24 mm.,6 mm.,Full length carbon plate,Buy half size bigger,Normal,Normal,Tight,Responsive/balanced,Little cushioning,Very stable,Medium,,Solid protection,Average Traction,Good,
Value,Asics,Dynablast 4,Dynablast 3,Cushioning,9.3 oz (264 g),$110.00,34 mm.,26 mm.,8 mm.,No plate,True to size,Normal,Normal,Normal,Balanced,Medium cushioning,Some stability,Medium,,,,,
Value,Brooks,Caldera 7,Caldera 6,Trail,10.6 oz (301 g),$150.00,39 mm.,33 mm.,6 mm.,No plate,True to size,Normal,Normal,Normal,Balanced/plush,Highly cushioned,Very stable,Medium,,Not present,Provide Traction,Adequate,
Value,Under Armour,Infinite Elite,,Lightweight,11.5 oz (326 g),$160.00,40 mm.,32 mm.,8 mm.,No plate,True to size,Normal,Wide,Normal,Balanced,Highly cushioned,Some stability,Medium,,,,,
Value,ON,On Cloudflow 4,Cloudflow 3,Lightweight,8.7 oz (247 g),$160.00,32 mm.,24 mm.,8 mm.,No plate,True to size,Normal,Normal,Normal,Responsive,Medium cushioning,Not particularly stable,Flexible,,,,,
Value,Saucony,Triumph RFG,,Cushioning,10.4 oz (295 g),$160.00,39 mm.,29 mm.,10 mm.,No plate,True to size,Tight,Normal,Normal,Balanced/plush,Highly cushioned,Not particularly stable,Rigid,Triumph,,,,
Value,Asics,Gel Nimbus 26,Gel-Nimbus 25,Cushioning,10.7 oz (303 g),$160.00,41.5 mm.,33.5 mm.,8 mm.,No plate,True to size,Normal,Normal,Normal,Responsive/balanced,Highly cushioned,Some stability,Medium,Gel-Nimbus,,,,
Value,Nike,Revolution 7,Revolution 6 Next Nature,Cushioning,10 oz (283 g),$70.00,mm.,mm.,10 mm.,No plate,True to size,Normal,Tight,Normal,Responsive,Little cushioning,Not particularly stable,Flexible,,,,,
Value,Altra,Paradigm 7,Paradigm 6,Road,9.9 oz (281 g),$170.00,30 mm.,30 mm.,0 mm.,No plate,True to size,Normal,Normal,Wide,Balanced/plush,Highly cushioned,Very stable,Medium,,,,,
Value,Mizuno,Wave Rebellion Pro 2,Wave Rebellion Pro,Racing,7.6 oz (215 g),$250.00,38 mm.,36 mm.,2 mm.,Full length carbon plate,True to size,Normal,Normal,Normal,Balanced,Highly cushioned,Not particularly stable,Rigid,,,,,
Value,New Balance,Fresh Foam X Vongo v6,Fresh Foam Vongo v5,Road,10.5 oz (298 g),$165.00,35.5 mm.,29.5 mm.,6 mm.,Plate in other materials,Buy half size bigger,Normal,Normal,Tight,Balanced,Highly cushioned,Very stable,Medium,,,,,
Value,Altra,Provision 8,Provision 7,Road,10.2 oz (289 g),$140.00,28 mm.,28 mm.,0 mm.,No plate,True to size,Normal,Tight,Wide,Balanced/plush,Medium cushioning,Some stability,Flexible,,,,,
Value,Adidas,Adidas Adizero Takumi Sen 10,adizero Takumi Sen 9,Racing,7 oz (198 g),$180.00,33 mm.,27 mm.,6 mm.,Plate in other materials,True to size,Normal,Tight,Normal,Responsive/balanced,Medium cushioning,Not particularly stable,Medium,,,,,
Value,Brooks,Glycerin 21,Glycerin 19,Cushioning,10 oz (283 g),$160.00,38 mm.,28 mm.,10 mm.,No plate,True to size,Normal,Tight,Normal,Balanced,Highly cushioned,Very stable,Flexible,Glycerin,,,,
Value,Under Armour,HOVR Machina 3 Clone,,Cushioning,11.7 oz (332 g),$150.00,33 mm.,25 mm.,8 mm.,No plate,True to size,Normal,Normal,Normal,Balanced,Medium cushioning,Some stability,Medium,,,,,
Value,Under Armour,HOVR Mega 3,,Cushioning,11.5 oz (326 g),$140.00,mm.,mm.,8 mm.,No plate,Buy half size bigger,Normal,Normal,Normal,Balanced,Highly cushioned,Very stable,Rigid,,,,,
Value,Altra,VIA Olympus 2,,Cushioning,11.4 oz (323 g),$165.00,33 mm.,33 mm.,mm.,No plate,True to size,Normal,Wide,Wide,Balanced,Highly cushioned,Some stability,Medium,,,,,
Value,Asics,Asics Gel-Pulse 14,,Cushioning,10.5 oz (298 g),$100.00,mm.,mm.,10 mm.,No plate,True to size,Normal,Normal,Normal,Balanced,Medium cushioning,Not particularly stable,Flexible,,,,,
Value,Adidas,Supernova Rise,,Cushioning,9.8 oz (278 g),$140.00,36 mm.,26 mm.,10 mm.,No plate,Buy half size bigger,Normal,Normal,Tight,Balanced/plush,Medium cushioning,Very stable,Medium,,,,,
Value,Under Armour,Charged Assert 10,Charged Assert 9,Cushioning,9.5 oz (269 g),$75.00,32 mm.,22 mm.,10 mm.,No plate,True to size,Normal,Normal,Wide,Responsive,Little cushioning,Very stable,Rigid,,,,,
Value,Under Armour,Velociti 3,,Lightweight,8.8 oz (249 g),$130.00,mm.,mm.,8 mm.,No plate,Buy half size bigger,Normal,Normal,Tight,Responsive/balanced,Medium cushioning,Some stability,Medium,,,,,
Value,Altra,Olympus 5,Olympus 4.0,Trail,10.8 oz (306 g),$128.00,36 mm.,36 mm.,mm.,No plate,True to size,Normal,Normal,Wide,Balanced,Highly cushioned,Not particularly stable,Rigid,,Not present,Provide Traction,Poor,
Value,Under Armour,HOVR Turbulence 2,,Cushioning,9.8 oz (278 g),$100.00,mm.,mm.,8 mm.,No plate,True to size,Normal,Normal,Normal,Responsive/balanced,Medium cushioning,Very stable,Medium,,,,,
Value,Asics,Novablast 4,Novablast 3,Cushioning,9 oz (255 g),$140.00,42 mm.,34 mm.,8 mm.,No plate,True to size,Normal,Normal,Normal,Responsive,Highly cushioned,Very stable,Medium,,,,,
Value,ON,Cloudeclipse,,Cushioning,10.1 oz (286 g),$180.00,37 mm.,31 mm.,6 mm.,No plate,True to size,Normal,Normal,Wide,Balanced,Highly cushioned,Some stability,Medium,,,,,
Value,Nike,Ultrafly Trail,,Trail,10.1 oz (286 g),$250.00,38 mm.,29.5 mm.,8.5 mm.,Full length carbon plate,True to size,Normal,Tight,Wide,Responsive,Medium cushioning,Some stability,Rigid,,Solid protection,Provide Traction,Poor,
Value,Saucony,Endorphin Speed 4,Endorphin Speed 3,Lightweight,8 oz (227 g),$170.00,37 mm.,29 mm.,8 mm.,Plate in other materials,True to size,Normal,Normal,Normal,Responsive/balanced,Medium cushioning,Some stability,Medium,Endorphin,,,,
Value,Altra,FWD Experience,,Cushioning,8.5 oz (241 g),$140.00,32 mm.,28 mm.,4 mm.,No plate,True to size,Normal,Normal,Normal,Balanced,Medium cushioning,Not particularly stable,Medium,,,,,
Value,New Balance,Fresh Foam X 1080 v13,Fresh Foam X 1080 v12,Cushioning,9.2 oz (261 g),$165.00,37 mm.,31 mm.,6 mm.,No plate,True to size,Normal,Normal,Normal,Plush,Highly cushioned,Not particularly stable,Medium,1080,,,,
Value,Saucony,Ride 17,Ride 16,Cushioning,10.1 oz (286 g),$140.00,37 mm.,29 mm.,8 mm.,No plate,True to size,Normal,Wide,Normal,Responsive/balanced,Medium cushioning,Very stable,Flexible,Ride,,,,
Value,Hoka One One,Stinson 7,Stinson ATR 6,Trail,12.7 oz (360 g),$170.00,45 mm.,40 mm.,5 mm.,No plate,True to size,Normal,Normal,Normal,Plush,Highly cushioned,Very stable,Rigid,,Not present,Average Traction,Adequate,
Value,Asics,GT 2000 12,GT 2000 11,Road,9.5 oz (269 g),$140.00,mm.,mm.,8 mm.,No plate,True to size,Tight,Normal,Wide,Balanced,Medium cushioning,Some stability,Medium,GT 2000,,,,
Value,Hoka One One,Zinal 2,Zinal,Trail,8 oz (227 g),$160.00,30 mm.,25 mm.,5 mm.,No plate,True to size,Tight,Wide,Tight,Responsive/balanced,Medium cushioning,Not particularly stable,Rigid,,Not present,Average Traction,Adequate,
Value,Asics,Gel-Excite 10,Gel Excite 7,Cushioning,10 oz (283 g),$85.00,mm.,mm.,10 mm.,No plate,True to size,Normal,Normal,Normal,Balanced,Medium cushioning,Not particularly stable,Flexible,,,,,
Value,Nike,Vomero 17,Air Zoom Vomero 16,Cushioning,10.6 oz (301 g),$160.00,39 mm.,29 mm.,10 mm.,No plate,True to size,Normal,Normal,Normal,Balanced,Highly cushioned,Some stability,Flexible,Vomero,,,,
Value,Asics,Fuji Lite 4,Fuji Lite 3,Trail,9.4 oz (266 g),$130.00,33 mm.,29 mm.,4 mm.,No plate,True to size,Normal,Normal,Wide,Responsive/balanced,Medium cushioning,Some stability,Medium,,Not present,Provide Traction,Adequate,
Value,Nike,Downshifter 12,Downshifter 11,Cushioning,10 oz (283 g),$70.00,mm.,mm.,10 mm.,No plate,Buy half size bigger,Normal,Normal,Tight,Balanced,Medium cushioning,Very stable,Medium,,,,,
Value,Brooks,Cascadia 17,Cascadia 16,Trail,11.3 oz (320 g),$140.00,33 mm.,25 mm.,8 mm.,No plate,True to size,Normal,Normal,Normal,Responsive/balanced,Medium cushioning,Very stable,Rigid,,Solid protection,Provide Traction,Good,
Value,Salomon,Thundercross,,Trail,9.8 oz (278 g),$140.00,31 mm.,27 mm.,4 mm.,No plate,True to size,Normal,Normal,Normal,Responsive/balanced,Medium cushioning,Very stable,Medium,,Average protection,Provide Traction,Adequate,
Value,Brooks,Ghost Max,,Cushioning,10 oz (283 g),$150.00,39 mm.,33 mm.,6 mm.,No plate,True to size,Normal,Normal,Normal,Balanced,Highly cushioned,Very stable,Medium,Ghost,,,,
Value,Hoka One One,HOKA Gaviota 5,Gaviota 4,Road,10.9 oz (309 g),$175.00,999 mm.,999 mm.,6 mm.,No plate,True to size,Normal,Normal,Normal,Balanced/plush,Highly cushioned,Very stable,Medium,,,,,
Value,Asics,Gel-Kinsei Max,,Cushioning,11.7 oz (332 g),$180.00,mm.,mm.,8 mm.,Plate in other materials,Buy half size bigger,Normal,Normal,Tight,Plush,Highly cushioned,Very stable,Flexible,,,,,
Value,ON,Cloudstratus 3,Cloudstratus 2,Cushioning,10.3 oz (292 g),$180.00,37 mm.,31 mm.,6 mm.,Plate in other materials,True to size,Normal,Wide,Wide,Balanced/plush,Highly cushioned,Very stable,Medium,,,,,
Value,Hoka One One,HOKA Cielo Road,,Road,7.1 oz (201 g),$160.00,33 mm.,30 mm.,3 mm.,No plate,True to size,Normal,Normal,Normal,Responsive,Medium cushioning,Not particularly stable,Medium,,,,,
Value,Puma,Voyage Nitro 3,,Trail,9.6 oz (272 g),$140.00,34 mm.,30 mm.,4 mm.,No plate,True to size,Normal,Normal,Tight,Balanced/plush,Highly cushioned,Some stability,Medium,,Not present,Provide Traction,Adequate,
Value,Saucony,Endorphin Pro 4,Endorphin Pro 3,Racing,7.4 oz (210 g),$225.00,39.5 mm.,31.5 mm.,8 mm.,Full length carbon plate,Buy half size bigger,Normal,Normal,Tight,Balanced/plush,Highly cushioned,Some stability,Rigid,Endorphin,,,,
Value,Brooks,Adrenaline GTS 23,Adrenaline GTS 22,Road,10.1 oz (286 g),$140.00,36 mm.,24 mm.,12 mm.,No plate,True to size,Normal,Normal,Normal,Responsive/balanced,Medium cushioning,Very stable,Medium,Adrenaline,,,,
Value,Adidas,Adizero Prime X 2 Strung,Adidas Adizero Prime X Strung,Racing,10.85 oz (308 g),$300.00,50 mm.,43 mm.,7 mm.,Full length carbon plate,True to size,Normal,Normal,Normal,Balanced,Highly cushioned,Not particularly stable,Rigid,,,,,
Value,Nike,Structure 25,Air Zoom Structure 24,Road,11.4 oz (323 g),$130.00,37 mm.,27 mm.,10 mm.,No plate,True to size,Normal,Tight,Normal,Responsive/balanced,Medium cushioning,Very stable,Flexible,Structure,,,,
Value,Mizuno,Wave Sky 7,,Cushioning,10.9 oz (309 g),$170.00,40 mm.,32 mm.,8 mm.,No plate,True to size,Normal,Wide,Wide,Plush,Highly cushioned,Some stability,Medium,,,,,
Value,Brooks,Caldera 6,Caldera 5,Trail,11.1 oz (315 g),$150.00,36 mm.,30 mm.,6 mm.,No plate,True to size,Wide,Wide,Wide,Balanced,Highly cushioned,Very stable,Medium,,Not present,Provide Traction,Adequate,
Value,Brooks,Hyperion GTS,,Road,8.1 oz (230 g),$140.00,27 mm.,19 mm.,8 mm.,No plate,True to size,Normal,Normal,Normal,Responsive,Medium cushioning,Some stability,Rigid,,,,,
Value,Altra,Outroad 2,Outroad,Trail,11 oz (312 g),$140.00,30 mm.,30 mm.,mm.,No plate,Buy half size bigger,Normal,Normal,Wide,Responsive/balanced,Medium cushioning,Some stability,Medium,,Not present,Average Traction,Adequate,
Value,Saucony,Triumph 21,Triumph 20,Cushioning,10 oz (283 g),$160.00,39 mm.,29 mm.,10 mm.,No plate,True to size,Tight,Normal,Wide,Balanced/plush,Highly cushioned,Not particularly stable,Medium,Triumph,,,,
Value,Altra,Superior 6,Superior 4,Trail,10.1 oz (286 g),$130.00,999 mm.,999 mm.,0 mm.,No plate,True to size,Normal,Normal,Normal,Responsive/balanced,Little cushioning,Not particularly stable,Medium,,Not present,Average Traction,Poor,
Value,Saucony,Kinvara Pro,,Lightweight,8.4 oz (238 g),$180.00,42 mm.,34 mm.,8 mm.,Half length  carbon plate,True to size,Normal,Normal,Normal,Balanced,Highly cushioned,Very stable,Rigid,Kinvara,,,,
Value,Adidas,Switch FWD,,Cushioning,11.8 oz (335 g),$140.00,45 mm.,35 mm.,10 mm.,Plate in other materials,True to size,Normal,Wide,Normal,Responsive/balanced,Highly cushioned,Very stable,Medium,,,,,
Value,Brooks,Launch 10,Launch 9,Cushioning,8.3 oz (235 g),$110.00,34 mm.,24 mm.,10 mm.,No plate,True to size,Tight,Normal,Normal,Responsive/balanced,Medium cushioning,Some stability,Flexible,,,,,
Value,Altra,Torin 7,Torin 5,Cushioning,9.87 oz (280 g),$150.00,30 mm.,30 mm.,0 mm.,No plate,True to size,Normal,Normal,Normal,Balanced,Highly cushioned,Not particularly stable,Medium,,,,,
Value,Asics,Noosa Tri 15,Noosa Tri 14,Lightweight,8 oz (227 g),$130.00,mm.,mm.,5 mm.,No plate,True to size,Normal,Normal,Normal,Responsive/balanced,Medium cushioning,Very stable,Medium,,,,,
Value,Brooks,Launch GTS 10,Launch GTS 9,Road,8.3 oz (235 g),$110.00,34 mm.,24 mm.,10 mm.,No plate,True to size,Tight,Normal,Tight,Responsive/balanced,Medium cushioning,Some stability,Medium,,,,,
Value,New Balance,FuelCell SuperComp Trainer v2,FuelCell Supercomp Trainer,Cushioning,9.7 oz (275 g),$180.00,40 mm.,34 mm.,6 mm.,Full length carbon plate,True to size,Normal,Normal,Normal,Balanced/plush,Highly cushioned,Very stable,Medium,,,,,
Value,Asics,Gel Kayano 30,Gel Kayano 29,Road,10.7 oz (303 g),$160.00,40 mm.,30 mm.,10 mm.,No plate,True to size,Normal,Tight,Normal,Balanced/plush,Highly cushioned,Very stable,Medium,Gel Kayano,,,,
Value,Brooks,Hyperion Max,,Cushioning,7.5 oz (213 g),$170.00,34 mm.,26 mm.,8 mm.,No plate,True to size,Normal,Normal,Normal,Responsive/balanced,Medium cushioning,Some stability,Rigid,,,,,
Value,Skechers,GOrun Ride 11,GOrun Ride 9,Cushioning,10 oz (283 g),$120.00,38 mm.,32 mm.,6 mm.,Half length  carbon plate,True to size,Normal,Normal,Normal,Balanced/plush,Highly cushioned,Very stable,Medium,,,,,
Value,Nike,Infinity RN4,,Cushioning,11.2 oz (318 g),$160.00,mm.,mm.,mm.,No plate,True to size,Normal,Normal,Normal,Responsive/balanced,Highly cushioned,Very stable,Flexible,,,,,
Value,ON,Cloudvista,,Trail,9.9 oz (281 g),$150.00,33 mm.,24 mm.,9 mm.,Plate in other materials,Buy half size bigger,Normal,Tight,Tight,Balanced,Little cushioning,Some stability,Medium,,Average protection,Average Traction,Poor,
Value,New Balance,Fresh Foam X Hierro v7,Fresh Foam Hierro v5,Trail,10 oz (283 g),$140.00,36 mm.,28 mm.,8 mm.,No plate,True to size,Normal,Normal,Normal,Balanced,Medium cushioning,Very stable,Medium,,Not present,Average Traction,Adequate,
Value,Brooks,Catamount 2,Catamount,Trail,9.7 oz (275 g),$170.00,30 mm.,24 mm.,6 mm.,Plate in other materials,True to size,Tight,Normal,Tight,Responsive/balanced,Medium cushioning,Very stable,Medium,,Solid protection,Average Traction,Adequate,
Value,Hoka One One,Mach X,,Cushioning,9.4 oz (266 g),$180.00,mm.,mm.,5 mm.,Plate in other materials,Buy half size bigger,Normal,Normal,Tight,Balanced,Highly cushioned,Very stable,Medium,,,,,
Value,ON,Cloudboom Echo 3,,Racing,7.6 oz (215 g),$289.00,37 mm.,28 mm.,9 mm.,Full length carbon plate,True to size,Normal,Normal,Normal,Responsive,Medium cushioning,Some stability,Rigid,,,,,
Value,ON,Cloudswift 3,ON Cloudswift,Cushioning,10.2 oz (289 g),$160.00,33 mm.,28 mm.,5 mm.,Plate in other materials,Buy half size bigger,Normal,Normal,Normal,Responsive/balanced,Medium cushioning,Some stability,Medium,,,,,
Value,Adidas,adizero Adios 8,adizero Adios 7,Lightweight,7.4 oz (210 g),$130.00,28 mm.,20 mm.,8 mm.,No plate,True to size,Normal,Normal,Normal,Responsive,Medium cushioning,Some stability,Medium,,,,,
Value,Saucony,Axon 3,Axon 2,Cushioning,8.5 oz (241 g),$90.00,mm.,mm.,4 mm.,No plate,True to size,Tight,Normal,Normal,Balanced,Highly cushioned,Not particularly stable,Medium,,,,,
Value,Asics,ASICS GT 1000 12,GT-1000 11,Road,9.5 oz (269 g),$100.00,30 mm.,22 mm.,8 mm.,No plate,True to size,Normal,Tight,Normal,Balanced,Medium cushioning,Very stable,Medium,,,,,
Value,Mizuno,Wave Rider 27,Wave Rider 26,Cushioning,9.9 oz (281 g),$140.00,mm.,mm.,12 mm.,No plate,True to size,Normal,Normal,Normal,Responsive/balanced,Medium cushioning,Some stability,Rigid,,,,,
Value,Asics,S4,,Racing,8.5 oz (241 g),$150.00,34 mm.,28 mm.,6 mm.,Full length carbon plate,Buy half size bigger,Normal,Tight,Normal,Responsive/balanced,Highly cushioned,Very stable,Rigid,,,,,
Value,Puma,ForeverRun Nitro,,Road,9.6 oz (272 g),$150.00,36 mm.,26 mm.,10 mm.,No plate,True to size,Tight,Normal,Tight,Balanced/plush,Highly cushioned,Some stability,Medium,,,,,
Value,Adidas,Duramo 10,Duramo 9,Cushioning,9 oz (255 g),$70.00,32 mm.,23 mm.,9 mm.,No plate,True to size,Normal,Normal,Normal,Responsive,Medium cushioning,Some stability,Flexible,,,,,
Value,Skechers,GOrun Max Road 6,,Cushioning,11 oz (312 g),$130.00,40 mm.,34 mm.,6 mm.,Half length  carbon plate,True to size,Normal,Normal,Normal,Balanced,Highly cushioned,Very stable,Medium,,,,,
Value,Saucony,Peregrine 13,Peregrine 12,Trail,9.2 oz (261 g),$140.00,28 mm.,24 mm.,4 mm.,No plate,True to size,Normal,Normal,Normal,,Medium cushioning,Some stability,Medium,,Solid protection,Provide Traction,Adequate,
Value,Altra,Provision 7,Provision 6,Road,9.1 oz (258 g),$140.00,30 mm.,30 mm.,mm.,No plate,True to size,Normal,Normal,Tight,Balanced,Highly cushioned,Some stability,Medium,,,,,
Value,Salomon,Speedcross 6,Speedcross 5,Trail,10.5 oz (298 g),$140.00,35.5 mm.,25.5 mm.,10 mm.,No plate,Buy half size smaller,Normal,Tight,Normal,Balanced,Medium cushioning,Very stable,Rigid,,Not present,Provide Traction,Good,
Value,Asics,Hyper Speed 3,Hyper Speed,Racing,6.8 oz (193 g),$90.00,mm.,mm.,7 mm.,No plate,True to size,Normal,Normal,Normal,Responsive/balanced,Little cushioning,Some stability,Flexible,,,,,
Value,Puma,Velocity Nitro 2,Velocity Nitro,Cushioning,8.8 oz (249 g),$120.00,33.5 mm.,23.5 mm.,10 mm.,No plate,True to size,Normal,Normal,Wide,Responsive/balanced,Medium cushioning,Not particularly stable,Medium,,,,,
Value,Puma,Liberate Nitro 2,,Lightweight,6.5 oz (184 g),$120.00,26 mm.,18 mm.,8 mm.,No plate,True to size,Normal,Normal,Normal,Responsive/balanced,Little cushioning,Not particularly stable,Medium,,,,,
Value,Adidas,AdiZero Boston 12,adizero Boston 11,Cushioning,9.4 oz (266 g),$160.00,37 mm.,30.5 mm.,6.5 mm.,Plate in other materials,True to size,Normal,Tight,Normal,Responsive/balanced,Highly cushioned,Very stable,Medium,,,,,
Value,Nike,Wildhorse 8,Wildhorse 7,Trail,11.4 oz (323 g),130.00,35.5 mm.,27.5 mm.,8 mm.,No plate,True to size,Normal,Normal,Normal,Plush,Highly cushioned,Some stability,Medium,,Average protection,Average Traction,Poor,
Value,Asics,Magic Speed 3,Magic Speed 2,Racing,7.8 oz (221 g),$160.00,34.5 mm.,27.5 mm.,7 mm.,Full length carbon plate,True to size,Normal,Normal,Normal,Responsive,Medium cushioning,Some stability,Rigid,,,,,
Value,ON,Cloudflow 3,Cloudflow,Cushioning,9 oz (255 g),$140.00,30 mm.,24 mm.,6 mm.,Plate in other materials,True to size,Normal,Tight,Tight,Responsive,Little cushioning,Very stable,Medium,,,,,
Value,Adidas,adizero Takumi Sen 9,adizero Takumi Sen 8,Racing,6.6 oz (187 g),$180.00,33 mm.,27 mm.,6 mm.,Plate in other materials,True to size,Tight,Tight,Tight,Balanced,Medium cushioning,Not particularly stable,Medium,,,,,
Value,Mizuno,Wave Duel Pro,,Racing,6.7 oz (190 g),$250.00,26 mm.,18 mm.,8 mm.,Full length carbon plate,Buy half size bigger,Normal,Normal,Tight,Responsive,Medium cushioning,Not particularly stable,Rigid,,,,,
Value,Asics,Fuji Lite 3,,Trail,9.2 oz (261 g),$120.00,28 mm.,24 mm.,4 mm.,No plate,True to size,Tight,Tight,Normal,Responsive/balanced,Medium cushioning,Some stability,Flexible,,Not present,Provide Traction,Adequate,
Value,Puma,Magnify Nitro,,Cushioning,10.7 oz (303 g),$140.00,38.5 mm.,29.5 mm.,9 mm.,No plate,True to size,Normal,Normal,Normal,Responsive/balanced,Highly cushioned,Very stable,Rigid,,,,,
Value,Nike,React Terra Kiger 9,,Trail,9.8 oz (278 g),$150.00,31 mm.,28 mm.,3 mm.,No plate,True to size,Normal,Normal,Normal,Responsive,Medium cushioning,Not particularly stable,Medium,,Lacks protection,Average Traction,Good,
Value,Saucony,Guide 16,Guide 15,Road,9.5 oz (269 g),$140.00,35 mm.,25 mm.,8 mm.,No plate,True to size,Normal,Normal,Wide,Balanced,Medium cushioning,Very stable,Flexible,Guide,,,,
Value,Reebok,Floatride Energy X,,Racing,9.1 oz (258 g),170.00,mm.,mm.,6 mm.,Half length  carbon plate,True to size,Normal,Normal,Normal,Balanced,Highly cushioned,Very stable,Medium,,,,,
Value,ON,Cloudstratus 2,,Cushioning,10.4 oz (295 g),$170.00,36 mm.,28 mm.,8 mm.,Plate in other materials,True to size,Normal,Normal,Wide,Responsive/balanced,Medium cushioning,Very stable,Medium,,,,,
Value,Salomon,Aero Volt,,Cushioning,7.7 oz (218 g),$150.00,32.5 mm.,24.5 mm.,8 mm.,No plate,True to size,Normal,Normal,Normal,Balanced,Medium cushioning,Some stability,Flexible,,,,,
Value,Atreyu,The Artist,,Racing,7.8 oz (221 g),100.00,30 mm.,24 mm.,6 mm.,Full length carbon plate,Buy half size bigger,Wide,Normal,Normal,Balanced,Highly cushioned,Some stability,Rigid,,,,,
Value,Saucony,Cohesion 16,Cohesion 15,Cushioning,9.1 oz (258 g),$75.00,28.5 mm.,16.5 mm.,12 mm.,No plate,True to size,Normal,Normal,Normal,Balanced,Medium cushioning,Some stability,Medium,,,,,
Value,Reebok,Floatride Energy 5,,Cushioning,9.4 oz (266 g),$110.00,mm.,mm.,8 mm.,No plate,True to size,Tight,Normal,Normal,Balanced,Medium cushioning,Some stability,Medium,,,,,
Value,Asics,Gel Trabuco 11,Gel Trabuco 9,Trail,10.6 oz (301 g),$140.00,35.5 mm.,27.5 mm.,8 mm.,No plate,True to size,Normal,Normal,Normal,Responsive/balanced,Highly cushioned,Some stability,Medium,,Solid protection,Provide Traction,Good,
Value,Asics,Gel Cumulus 25,Gel Cumulus 24,Cushioning,9.3 oz (264 g),$140.00,36.5 mm.,28.5 mm.,8 mm.,No plate,True to size,Normal,Normal,Normal,Plush,Highly cushioned,Very stable,Flexible,Gel Cumulus,,,,
Value,ON,Cloudgo,,Cushioning,9.3 oz (264 g),$150.00,34 mm.,23 mm.,11 mm.,Plate in other materials,True to size,Normal,Normal,Normal,Balanced/plush,Medium cushioning,Not particularly stable,Medium,,,,,
Value,Saucony,Ride 16,Ride 15,Cushioning,8.8 oz (249 g),$140.00,mm.,mm.,8 mm.,No plate,True to size,Normal,Normal,Wide,Responsive/balanced,Medium cushioning,Some stability,Medium,Ride,,,,
Value,Adidas,Solar Glide 6,Solar Glide 5,Cushioning,12.1 oz (343 g),$130.00,36.5 mm.,26.5 mm.,10 mm.,No plate,True to size,Tight,Tight,Tight,Balanced,Highly cushioned,Not particularly stable,Medium,,,,,
Value,Nike,ZoomX Vaporfly 3,ZoomX Vaporfly Next% 2,Racing,6.5 oz (184 g),$250.00,40 mm.,32 mm.,8 mm.,Full length carbon plate,True to size,Normal,Normal,Normal,Balanced,Highly cushioned,Some stability,Rigid,Vaporfly,,,,
Value,New Balance,Fresh Foam X More v4,Fresh Foam More v3,Cushioning,10.9 oz (309 g),$150.00,38 mm.,34 mm.,4 mm.,No plate,True to size,Normal,Tight,Normal,Balanced/plush,Highly cushioned,Some stability,Medium,,,,,
Value,Brooks,Glycerin 20,Glycerin 19,Cushioning,10.6 oz (301 g),$160.00,38 mm.,28 mm.,10 mm.,No plate,True to size,Tight,Wide,Normal,Balanced/plush,Highly cushioned,Not particularly stable,Medium,Glycerin,,,,
Value,Nike,Winflo 10,,Cushioning,9.9 oz (281 g),$100.00,33 mm.,23 mm.,10 mm.,No plate,True to size,Normal,Normal,Normal,Balanced,Medium cushioning,Very stable,Flexible,,,,,
Value,ON,Cloudflyer 4,Cloudflyer,Cushioning,10.5 oz (298 g),$170.00,mm.,mm.,11 mm.,Plate in other materials,True to size,Normal,Normal,Normal,Responsive/balanced,Medium cushioning,Some stability,Medium,,,,,
Value,Saucony,Endorphin Edge,,Trail,9.2 oz (261 g),$200.00,36 mm.,30 mm.,6 mm.,Full length carbon plate,True to size,Normal,Normal,Tight,Balanced/plush,Highly cushioned,Not particularly stable,Rigid,Endorphin,Solid protection,Provide Traction,Good,
Value,Hoka One One,Torrent 3,Torrent 2,Trail,8.7 oz (247 g),$130.00,mm.,mm.,5 mm.,No plate,True to size,Tight,Normal,Normal,Balanced/plush,Highly cushioned,Some stability,Medium,,Not present,Average Traction,Poor,
Value,Asics,Trabuco Max 2,,Trail,10.8 oz (306 g),$150.00,43 mm.,38 mm.,5 mm.,No plate,True to size,Normal,Wide,Wide,Responsive,Highly cushioned,Some stability,Medium,,Not present,Provide Traction,Adequate,
Value,Altra,Lone Peak 7,Lone Peak 5.0,Trail,11 oz (312 g),$150.00,25 mm.,25 mm.,0 mm.,No plate,True to size,Normal,Normal,Wide,Balanced,Medium cushioning,Some stability,Medium,,Not present,Provide Traction,Adequate,
Value,Asics,Dynablast 3,,Cushioning,9.2 oz (261 g),$100.00,31.5 mm.,23.5 mm.,8 mm.,No plate,Buy half size smaller,Normal,Tight,Normal,Responsive/balanced,Medium cushioning,Not particularly stable,Flexible,,,,,
Value,Skechers,GOrun Speed Beast,,Racing,9.5 oz (269 g),$200.00,40 mm.,36 mm.,4 mm.,Half length  carbon plate,True to size,Normal,Normal,Normal,Balanced,Highly cushioned,Very stable,Rigid,,,,,
Value,Nike,Air Zoom Pegasus 40,Air Zoom Pegasus 39,Cushioning,9.4 oz (266 g),$130.00,33 mm.,23 mm.,10 mm.,No plate,True to size,Normal,Normal,Normal,Balanced,Medium cushioning,Very stable,Flexible,Pegasus,,,,
Value,Salomon,Ultra Glide 2,,Trail,9.1 oz (258 g),$150.00,mm.,mm.,6 mm.,No plate,True to size,Normal,Normal,Normal,Balanced/plush,Highly cushioned,Very stable,Medium,,Average protection,Average Traction,Adequate,
Value,New Balance,Fresh Foam X 880 v13,Fresh Foam X 880 v12,Cushioning,10.9 oz (309 g),$140.00,mm.,mm.,10 mm.,No plate,True to size,Normal,Normal,Normal,Responsive/balanced,Medium cushioning,Some stability,Flexible,,,,,
Value,Adidas,adizero Boston 11,Adizero Boston 10,Cushioning,10.1 oz (286 g),$160.00,40 mm.,31.5 mm.,mm.,No plate,Buy half size smaller,Normal,Normal,Tight,Responsive/balanced,Highly cushioned,Some stability,Rigid,,,,,
Value,Mizuno,Wave Inspire 19,Wave Inspire 18,Road,10.7 oz (303 g),$140.00,mm.,mm.,12 mm.,Plate in other materials,True to size,Normal,Normal,Wide,Responsive/balanced,Highly cushioned,Very stable,Rigid,Wave Inspire,,,,
Value,New Balance,Fresh Foam X 860 v13,Fresh Foam X 860 v12,Road,10.5 oz (298 g),$140.00,35 mm.,25 mm.,10 mm.,No plate,True to size,Normal,Wide,Wide,Balanced/plush,Medium cushioning,Some stability,Medium,,,,,
Value,Under Armour,Flow Velociti Elite,,Racing,7.7 oz (218 g),$250.00,36 mm.,28 mm.,8 mm.,Full length carbon plate,True to size,Normal,Normal,Wide,Responsive,Medium cushioning,Some stability,Rigid,,,,,
Value,Salomon,Aero Glide,,Cushioning,9 oz (255 g),$160.00,mm.,mm.,10 mm.,No plate,True to size,Normal,Normal,Wide,Balanced/plush,Highly cushioned,Very stable,Medium,,,,,
Value,Hoka One One,Challenger 7,Challenger ATR 6,Trail,8.9 oz (252 g),$145.00,mm.,mm.,5 mm.,No plate,True to size,Tight,Normal,Tight,Balanced/plush,Highly cushioned,Some stability,Medium,,Not present,Average Traction,Adequate,
Value,ON,Cloudsurfer 7,,Cushioning,9.1 oz (258 g),$160.00,32 mm.,22 mm.,10 mm.,No plate,True to size,Normal,Normal,Normal,Plush,Highly cushioned,Some stability,Flexible,,,,,
Value,Adidas,Supernova 2,Supernova,Cushioning,9.7 oz (275 g),$99.00,mm.,mm.,9 mm.,No plate,Buy half size bigger,Normal,Normal,Wide,Balanced,Medium cushioning,Some stability,Medium,,,,,
Value,Hoka One One,Rocket X 2,Rocket X,Racing,8.3 oz (235 g),$250.00,36 mm.,31 mm.,5 mm.,Full length carbon plate,Buy half size bigger,Normal,Normal,Tight,Responsive,Highly cushioned,Some stability,Rigid,,,,,
Value,New Balance,FuelCell Propel v4,FuelCell Propel v3,Cushioning,9.7 oz (275 g),$110.00,31 mm.,25 mm.,6 mm.,Plate in other materials,True to size,Normal,Normal,Normal,Balanced,Highly cushioned,Very stable,Medium,,,,,
Value,Mizuno,Wave Rebellion Pro,,Racing,7.9 oz (224 g),$250.00,39 mm.,33 mm.,6 mm.,Full length carbon plate,True to size,Normal,Normal,Normal,Balanced,Highly cushioned,Not particularly stable,Rigid,,,,,
Value,Asics,GT 2000 11,GT 2000 10,Road,9.7 oz (275 g),$140.00,mm.,mm.,8 mm.,No plate,Buy half size bigger,Normal,Normal,Normal,Balanced,Medium cushioning,Very stable,Medium,GT 2000,,,,
Value,Asics,Noosa Tri 14,Noosa Tri 13,Racing,7.6 oz (215 g),$130.00,mm.,mm.,5 mm.,No plate,Buy half size bigger,Tight,Normal,Tight,Balanced/plush,Medium cushioning,Some stability,Medium,,,,,
Value,Adidas,Ultraboost Light,adidas Ultraboost 22,Cushioning,10.3 oz (292 g),$190.00,mm.,mm.,10 mm.,No plate,True to size,Normal,Normal,Normal,Balanced,Highly cushioned,Very stable,Medium,UltraBoost,,,,
Value,Brooks,Cascadia 16,,Trail,11.1 oz (315 g),$130.00,32 mm.,24 mm.,8 mm.,Plate in other materials,True to size,Normal,Normal,Wide,Balanced,Medium cushioning,Very stable,Rigid,,Solid protection,Provide Traction,Adequate,
Value,Asics,Gel Kayano Lite 3,,Road,10.1 oz (286 g),$160.00,36 mm.,26 mm.,10 mm.,No plate,True to size,Normal,Normal,Normal,Balanced,Medium cushioning,Very stable,Flexible,Gel Kayano,,,,
Value,Hoka One One,Clifton 9,Clifton 8,Cushioning,8.7 oz (247 g),$145.00,mm.,mm.,5 mm.,No plate,True to size,Normal,Normal,Tight,Balanced/plush,Highly cushioned,Very stable,Flexible,Clifton,,,,
Value,Mizuno,Wave Horizon 6,,Road,11.6 oz (329 g),$170.00,38 mm.,30 mm.,8 mm.,No plate,True to size,Normal,Normal,Normal,Responsive/balanced,Highly cushioned,Very stable,Rigid,,,,,
Value,Saucony,Tempus,,Road,9.1 oz (258 g),$160.00,37 mm.,29 mm.,8 mm.,No plate,True to size,Normal,Normal,Normal,Responsive/balanced,Medium cushioning,Some stability,Medium,,,,,
Value,Brooks,Hyperion Tempo,,Cushioning,7.2 oz (204 g),$150.00,31 mm.,23 mm.,8 mm.,No plate,True to size,Normal,Tight,Normal,Responsive,Little cushioning,Very stable,Medium,,,,,
Value,Asics,Gel-Nimbus 25,Gel Nimbus 24,Cushioning,10.2 oz (289 g),$160.00,40.5 mm.,32.5 mm.,8 mm.,No plate,Buy half size bigger,Normal,Normal,Tight,Balanced/plush,Highly cushioned,Very stable,Medium,Gel-Nimbus,,,,
Value,Nike,ZoomX Invincible Run Flyknit 3,ZoomX Invincible Run Flyknit 2,Cushioning,11.2 oz (318 g),$180.00,mm.,mm.,9 mm.,No plate,True to size,Normal,Tight,Normal,Plush,Highly cushioned,Some stability,Flexible,,,,,
Value,Asics,Superblast,,Cushioning,8.4 oz (238 g),$200.00,45.5 mm.,37.5 mm.,8 mm.,No plate,True to size,Normal,Normal,Normal,Balanced,Highly cushioned,Very stable,Medium,,,,,
Value,Asics,Gel Kayano 29,,Road,10.5 oz (298 g),$160.00,mm.,mm.,12 mm.,No plate,True to size,Normal,Normal,Wide,Balanced,Medium cushioning,Very stable,Medium,Gel Kayano,,,,
Value,Skechers,GOrun Razor 4,GOrun Razor 3 Elite Hyper,Lightweight,8 oz (227 g),$130.00,mm.,mm.,4 mm.,Half length  carbon plate,Buy size bigger,Normal,Normal,Tight,Balanced,Medium cushioning,Very stable,Medium,,,,,
Value,Adidas,adizero Adios 7,didas adizero adios 6,Lightweight,7.7 oz (218 g),$130.00,mm.,mm.,8 mm.,Plate in other materials,Buy half size smaller,Normal,Normal,Normal,Balanced,Medium cushioning,Not particularly stable,Medium,,,,,
Value,Mizuno,Wave Rider 26,Wave Rider 25,Cushioning,9 oz (255 g),$140.00,mm.,mm.,10 mm.,Plate in other materials,Buy half size bigger,Tight,Tight,Tight,Balanced,Medium cushioning,Some stability,Medium,Wave Rider,,,,
Value,Adidas,Adizero SL,,Cushioning,8.5 oz (241 g),$120.00,mm.,mm.,8 mm.,No plate,True to size,Normal,Normal,Normal,Balanced,Highly cushioned,Some stability,Medium,,,,,
Value,New Balance,Fresh Foam X Tempo v2,Fresh Foam Tempo,Cushioning,9.1 oz (258 g),$120.00,mm.,mm.,6 mm.,No plate,True to size,Normal,Normal,Tight,Balanced,Medium cushioning,Not particularly stable,Medium,,,,,
Value,Puma,Fast-R Nitro Elite,,Racing,7.9 oz (224 g),$250.00,38 mm.,30 mm.,8 mm.,Full length carbon plate,True to size,Normal,Normal,Normal,Responsive/balanced,Medium cushioning,Some stability,Rigid,,,,,
Value,Nike,Winflo 9,Winflo 8,Cushioning,10 oz (283 g),$100.00,mm.,mm.,10 mm.,No plate,True to size,Normal,Normal,Wide,Balanced/plush,Highly cushioned,Some stability,Flexible,,,,,
Value,Hoka One One,Hoka Bondi 8,Bondi 7,Cushioning,10.8 oz (306 g),$165.00,mm.,mm.,4 mm.,No plate,True to size,Normal,Tight,Tight,Balanced,Highly cushioned,Very stable,Rigid,,,,,
Value,Puma,Deviate NITRO Elite 2,Deviate Nitro Elite,Racing,7 oz (198 g),$200.00,mm.,mm.,6 mm.,Full length carbon plate,True to size,Normal,Normal,Normal,Balanced/plush,Highly cushioned,Some stability,Rigid,,,,,
Value,Saucony,Kinvara 14,Kinvara 13,Lightweight,7 oz (198 g),$120.00,mm.,mm.,4 mm.,No plate,True to size,Normal,Normal,Normal,Balanced,Medium cushioning,Very stable,Flexible,Kinvara,,,,
Value,Saucony,Endorphin Elite,,Racing,7.2 oz (204 g),$275.00,40 mm.,32 mm.,8 mm.,Full length carbon plate,True to size,Wide,Normal,Normal,Balanced,Highly cushioned,Some stability,Rigid,Endorphin,,,,
Value,Asics,EvoRide 3,EvoRide 2 Review,Lightweight,7.4 oz (210 g),$120.00,mm.,mm.,5 mm.,No plate,True to size,Normal,Normal,Tight,Responsive/balanced,Medium cushioning,Some stability,Medium,,,,,
Value,Nike,React Pegasus Trail 4,Pegasus Trail 3,Trail,10.4 oz (295 g),$140.00,mm.,mm.,10 mm.,No plate,Buy half size smaller,Normal,Normal,Normal,Balanced/plush,Highly cushioned,Some stability,Medium,Pegasus,Not present,Lack Traction,Adequate,
Value,Brooks,Ghost 15,,Cushioning,9.8 oz (278 g),$140.00,mm.,mm.,12 mm.,No plate,True to size,Normal,Normal,Normal,Balanced,Highly cushioned,Very stable,Flexible,Ghost,,,,
Value,ON,Cloudrunner,,Cushioning,10.5 oz (298 g),$140.00,mm.,mm.,9 mm.,No plate,True to size,Normal,Normal,Wide,Plush,Highly cushioned,Some stability,Medium,,,,,
Value,Nike,ZoomX Zegama Trail,,Trail,11.3 oz (320 g),160.00,mm.,mm.,8 mm.,No plate,True to size,Tight,Tight,Normal,Balanced/plush,Highly cushioned,Some stability,Medium,,Not present,Average Traction,Poor,
Value,New Balance,FuelCell SuperComp Pacer,,Racing,6.7 oz (190 g),$150.00,25 mm.,17 mm.,8 mm.,Full length carbon plate,True to size,Normal,Normal,Normal,Responsive,Medium cushioning,Very stable,Medium,,,,,
Value,Brooks,Hyperion Elite 3,,Racing,8.1 oz (230 g),$250.00,mm.,mm.,8 mm.,Full length carbon plate,True to size,Normal,Tight,Normal,Responsive/balanced,Little cushioning,Some stability,Rigid,,,,,
Value,New Balance,FuellCell SuperComp Elite v3,,Racing,7.7 oz (218 g),$230.00,mm.,mm.,4 mm.,Full length carbon plate,True to size,Normal,Normal,Normal,Balanced,Highly cushioned,Some stability,Rigid,,,,,
Value,Altra,Outroad,,Trail,10 oz (283 g),$140.00,27 mm.,27 mm.,0 mm.,No plate,Buy half size bigger,Normal,Tight,Normal,Responsive/balanced,Medium cushioning,Some stability,Medium,,Lacks protection,Average Traction,Adequate,
Value,Hoka One One,HOKA Tecton X,,Trail,7.5 oz (213 g),$200.00,mm.,mm.,4 mm.,Full length carbon plate,True to size,Normal,Wide,Wide,Responsive/balanced,Medium cushioning,Some stability,Medium,,Not present,Average Traction,Good,
Value,Saucony,Triumph 20,Triumph 19,Cushioning,9.7 oz (275 g),$160.00,mm.,mm.,10 mm.,Plate in other materials,True to size,Normal,Normal,Normal,Responsive,Highly cushioned,Some stability,Medium,Triumph,,,,
Value,Adidas,Adidas Adizero Prime X Strung,,Racing,9 oz (255 g),$300.00,49.5 mm.,40 mm.,9 mm.,Full length carbon plate,True to size,Normal,Normal,Normal,Balanced,Highly cushioned,Not particularly stable,Rigid,,,,,
Value,Brooks,Glycerin GTS 20,,Road,10.5 oz (298 g),$160.00,38 mm.,28 mm.,10 mm.,No plate,True to size,Normal,Normal,Normal,Balanced,Highly cushioned,Very stable,Medium,Glycerin,,,,
Value,Puma,Deviate Nitro 2,,Cushioning,9.2 oz (261 g),$160.00,30.5 mm.,38.5 mm.,8 mm.,Full length carbon plate,True to size,Normal,Normal,Tight,Balanced,Highly cushioned,Some stability,Rigid,,,,,
Value,Nike,Renew Ride 3,,Cushioning,10 oz (283 g),$75.00,mm.,mm.,10 mm.,No plate,Buy half size smaller,Normal,Normal,Wide,Balanced,Medium cushioning,Very stable,Rigid,,,,,
Value,Skechers,GO RUN Razor Excess 2,,Racing,7.9 oz (224 g),$145.00,34 mm.,30 mm.,4 mm.,Half length  carbon plate,True to size,Normal,Normal,Tight,Balanced,Medium cushioning,Some stability,Medium,,,,,
Value,Nike,Terra Kiger 8,Terra Kiger 7,Trail,9.9 oz (281 g),140.00,mm.,mm.,6 mm.,No plate,True to size,Tight,Normal,Wide,Responsive/balanced,Little cushioning,Some stability,Rigid,,Average protection,Lack Traction,Adequate,
Value,Skechers,GO RUN Ride 10,GOrun Ride 9,Cushioning,8.4 oz (238 g),$145.00,34 mm.,28 mm.,6 mm.,No plate,True to size,Normal,Normal,Normal,Balanced,Medium cushioning,Very stable,Flexible,,,,,
Value,Decathlon,Kiprun KD900X,,Lightweight,7.9 oz (224 g),$135.00,mm.,mm.,8 mm.,Full length carbon plate,Buy half size smaller,Normal,Normal,Tight,Responsive,Medium cushioning,Not particularly stable,Medium,,,,,
Value,Asics,Magic Speed 2,Magic Speed,Lightweight,8.10 oz (230 g),$150.00,mm.,mm.,7 mm.,Plate in other materials,Buy half size bigger,Normal,Normal,Normal,Balanced,Highly cushioned,Some stability,Rigid,,,,,
Value,New Balance,Fresh Foam X 1080 v12,Fresh Foam 1080 v11,Cushioning,10.3 oz (292 g),$160.00,34 mm.,26 mm.,8 mm.,No plate,True to size,Tight,Normal,Normal,Balanced,Highly cushioned,Not particularly stable,Medium,1080,,,,
Value,Saucony,Axon 2,Axon,Cushioning,9.6 oz (272 g),$100.00,35 mm.,31 mm.,4 mm.,No plate,True to size,Normal,Normal,Wide,Responsive/balanced,Highly cushioned,Not particularly stable,Rigid,,,,,
Value,Saucony,Endorphin Pro 3,Endorphin Pro 2,Cushioning,7.2 oz (204 g),$225.00,39.5 mm.,31.5 mm.,8 mm.,Full length carbon plate,Buy half size bigger,Normal,Normal,Tight,Balanced,Highly cushioned,Some stability,Rigid,Endorphin,,,,
Value,New Balance,Fresh Foam Roav v2,Fresh Foam Roav,Cushioning,9.10 oz (258 g),$85.00,mm.,mm.,8 mm.,No plate,True to size,Tight,Normal,Tight,Balanced,Little cushioning,Not particularly stable,Medium,,,,,
Value,Asics,GT-1000 11,GT 1000 10,Road,9.5 oz (269 g),$100.00,21 mm.,13 mm.,8 mm.,No plate,Buy half size bigger,Normal,Normal,Normal,Responsive/balanced,Medium cushioning,Some stability,Flexible,,,,,
Value,Asics,Novablast 3,Novablast 2,Cushioning,8.9 oz (252 g),$140.00,mm.,mm.,9 mm.,No plate,Buy half size smaller,Normal,Normal,Normal,Balanced,Highly cushioned,Very stable,Flexible,,,,,
Value,Saucony,Endorphin Speed 3,Endorphin Speed,Cushioning,8.10 oz (230 g),$170.00,36 mm.,28 mm.,8 mm.,Plate in other materials,True to size,Normal,Normal,Normal,Balanced,Highly cushioned,Some stability,Medium,Endorphin,,,,
Value,Hoka One One,Gaviota 4,Gaviota 3,Road,11.10 oz (315 g),$170.00,40 mm.,35 mm.,5 mm.,No plate,True to size,Normal,Tight,Normal,Balanced/plush,Highly cushioned,Very stable,Medium,,,,,
Value,Nike,Pegasus Turbo Next Nature,Zoom Pegasus Turbo 2,Cushioning,8.6 oz (244 g),$150.00,mm.,mm.,8 mm.,No plate,True to size,Normal,Normal,Normal,Balanced,Medium cushioning,Some stability,Flexible,Pegasus,,,,
